chase	16384	1.15	0x559509b2dbc0
chase	16384	1.08	0x55e639152bc0
chase	16384	1.08	0x55ee62f6abc0
chase	16384	1.09	0x560659b97bc0
chase	16384	1.08	0x55dffb297bc0
chase	16384	1.08	0x55d055c2bbc0
chase	16384	1.09	0x56267585bbc0
chase	16384	1.08	0x5644957a2bc0
chase	16384	1.18	0x55d9216dcbc0
chase	16384	1.26	0x559f3d511bc0
chase	16384	1.29	0x5609818ecbc0
chase	32768	1.25	0x560629841200
chase	32768	1.25	0x5648491df200
chase	32768	1.26	0x562e3ab52200
chase	32768	1.26	0x563e97eaa200
chase	32768	1.26	0x55823eb96200
chase	32768	1.24	0x564672412200
chase	32768	1.27	0x564529771200
chase	32768	1.26	0x55cae0419200
chase	32768	1.26	0x55fa86fb8200
chase	32768	1.26	0x559816a67200
chase	32768	1.24	0x563ce13a8200
chase	262144	3.79	0x7fabfc576b40
chase	262144	3.75	0x7f38059d0b40
chase	262144	3.75	0x7f593e799b40
chase	262144	3.77	0x7f5cfdb30b40
chase	262144	3.77	0x7fb805d4eb40
chase	262144	3.76	0x7f52c4046b40
chase	262144	3.76	0x7f1e5e5c5b40
chase	262144	3.80	0x7f21825c5b40
chase	262144	3.75	0x7feb9f7d8b40
chase	262144	3.78	0x7f647cdc8b40
chase	262144	3.78	0x7f8119ab7b40
chase	1048576	6.08	0x7fa2ad17eb80
chase	1048576	6.45	0x7fba363ceb80
chase	1048576	6.23	0x7fba301c9b80
chase	1048576	5.81	0x7f19891c9b80
chase	1048576	5.87	0x7f351f1c9b80
chase	1048576	5.78	0x7f5a34fd2b80
chase	1048576	5.94	0x7f93b6dbeb80
chase	1048576	6.16	0x7f4845bdfb80
chase	1048576	6.08	0x7fd726b1bb80
chase	1048576	6.10	0x7f6aba3d3b80
chase	1048576	5.57	0x7f3de5153b80
chase	2097152	13.58	0x7f08061ab200
chase	2097152	13.68	0x7fdb073ab200
chase	2097152	12.33	0x7f7122dab200
chase	2097152	13.60	0x7f2f167ab200
chase	2097152	11.25	0x7f5550bab200
chase	2097152	11.32	0x7f7850dab200
chase	2097152	12.02	0x7f79c33ab200
chase	2097152	11.44	0x7f2d16fab200
chase	2097152	11.53	0x7f0e129ab200
chase	2097152	11.44	0x7fc36ddab200
chase	2097152	11.52	0x7fd265bab200
chase	8388608	17.74	0x7f03dce26ac0
chase	8388608	17.98	0x7f17dea26ac0
chase	8388608	19.35	0x7f6ea3026ac0
chase	8388608	20.11	0x7fc0af826ac0
chase	8388608	17.70	0x7f14b5426ac0
chase	8388608	19.80	0x7f1de7426ac0
chase	8388608	17.11	0x7f5867226ac0
chase	8388608	19.95	0x7fcec5626ac0
chase	8388608	18.46	0x7f5719e26ac0
chase	8388608	18.82	0x7f0562426ac0
chase	8388608	20.55	0x7f47aee26ac0
chase	16777216	52.26	0x7fe670512d40
chase	16777216	48.83	0x7fabb4312d40
chase	16777216	52.08	0x7f7c65912d40
chase	16777216	49.69	0x7f0243512d40
chase	16777216	48.03	0x7f42d4112d40
chase	16777216	45.86	0x7f9631d12d40
chase	16777216	48.85	0x7fd415f12d40
chase	16777216	46.73	0x7faabcf12d40
chase	16777216	44.76	0x7fe771312d40
chase	16777216	47.87	0x7f08ddf12d40
chase	16777216	43.72	0x7fbd0f712d40
chase	67108864	104.44	0x7fdfc0730080
chase	67108864	104.06	0x7f6709330080
chase	67108864	103.62	0x7f9d6f730080
chase	67108864	104.69	0x7fd165d30080
chase	67108864	104.86	0x7f7860330080
chase	67108864	103.99	0x7f2553f30080
chase	67108864	103.74	0x7f038b130080
chase	67108864	103.60	0x7f7a1bd30080
chase	67108864	104.79	0x7fe2fc330080
chase	67108864	104.17	0x7fa480b30080
chase	67108864	104.29	0x7f1501d30080
chase	268435456	114.00	0x7f38e978d140
chase	268435456	112.97	0x7f0ae498d140
chase	268435456	113.10	0x7f9c7458d140
chase	268435456	112.11	0x7fd64418d140
chase	268435456	112.27	0x7fe6b7d8d140
chase	268435456	111.95	0x7f1b5c18d140
chase	268435456	113.01	0x7f211738d140
chase	268435456	112.19	0x7f5f3058d140
chase	268435456	144.66	0x7f824018d140
chase	268435456	146.43	0x7f284b78d140
chase	268435456	147.33	0x7f3d8d38d140
chase	1073741824	198.40	0x7fafd6947a00
chase	1073741824	189.39	0x7efcd3547a00
chase	1073741824	188.41	0x7f42de547a00
chase	1073741824	191.27	0x7fc701f47a00
chase	1073741824	125.24	0x7f108c747a00
chase	1073741824	123.82	0x7f50ba747a00
chase	1073741824	125.19	0x7fcf86b47a00
chase	1073741824	123.14	0x7f19cf547a00
chase	1073741824	122.91	0x7f27e9147a00
chase	1073741824	122.29	0x7ff5a5547a00
chase	1073741824	121.27	0x7f5dcc547a00
