memread	1048576	37231	0
memread	1048576	28831	0
memread	1048576	27988	0
memread	1048576	27991	0
memread	1048576	28114	0
memread	1048576	31692	0
memread	1048576	28436	0
memread	1048576	28119	0
memread	1048576	28272	0
memread	1048576	31949	0
memread	1048576	32049	0
memread	268435456	15056963	0
memread	268435456	15093828	0
memread	268435456	14692488	0
memread	268435456	14645787	0
memread	268435456	14693965	0
memread	268435456	14609929	0
memread	268435456	14587001	0
memread	268435456	14574574	0
memread	268435456	15601453	0
memread	268435456	15050293	0
memread	268435456	14562263	0
