ap-south-1	0.047370	0.122089
ap-south-1	0.001332	0.079038
ap-south-1	0.001383	0.073616
ap-south-1	0.001472	0.082794
ap-south-1	0.046308	0.127102
ap-south-1	0.058593	0.139417
ap-south-1	0.079294	0.149272
ap-south-1	0.001602	0.069040
ap-south-1	0.001640	0.078151
ap-south-1	0.001482	0.077873
ap-south-1	0.060049	0.139170
ap-southeast-1	0.059888	0.174619
ap-southeast-1	0.067551	0.158077
ap-southeast-1	0.001377	0.111820
ap-southeast-1	0.001363	0.109220
ap-southeast-1	0.001324	0.102291
ap-southeast-1	0.001097	0.101136
ap-southeast-1	0.001407	0.122093
ap-southeast-1	0.001168	0.108863
ap-southeast-1	0.002021	0.089003
ap-southeast-1	0.001544	0.109288
ap-southeast-1	0.001341	0.121964
eu-west-1	0.057755	0.256136
eu-west-1	0.001485	0.214719
eu-west-1	0.001601	0.201312
eu-west-1	0.001344	0.198821
eu-west-1	0.058970	0.271238
eu-west-1	0.001550	0.201544
eu-west-1	0.001281	0.219635
eu-west-1	0.001040	0.216085
eu-west-1	0.001437	0.201465
eu-west-1	0.001417	0.241609
eu-west-1	0.001454	0.219503
us-east-1	0.166100	0.575727
us-east-1	0.053191	0.403008
us-east-1	0.001714	0.306931
us-east-1	0.001311	0.305948
us-east-1	0.001513	0.307116
us-east-1	0.001617	0.320477
us-east-1	0.001688	0.320799
us-east-1	0.057502	0.369000
us-east-1	0.001415	0.321441
us-east-1	0.001105	0.327638
us-east-1	0.001311	0.305332
us-west-2	0.052090	0.357482
us-west-2	0.044083	0.339435
us-west-2	0.001459	0.296449
us-west-2	0.001390	0.307001
us-west-2	0.001246	0.285215
us-west-2	0.001443	0.294836
us-west-2	0.001596	0.296895
us-west-2	0.051387	0.347875
us-west-2	0.058037	0.347966
us-west-2	0.001443	0.293923
us-west-2	0.001301	0.295403
sa-east-1	0.060115	0.496223
sa-east-1	0.061314	0.454717
sa-east-1	0.001329	0.398188
sa-east-1	0.001492	0.394334
sa-east-1	0.001510	0.411463
sa-east-1	0.001250	0.389248
sa-east-1	0.054289	0.436516
sa-east-1	0.001598	0.409726
sa-east-1	0.001426	0.401217
sa-east-1	0.001289	0.396470
sa-east-1	0.051799	0.445039
